<?xml version="1.0" encoding="UTF-8"?>
<!DOCTYPE beans SYSTEM "spring-beans.dtd" >
<beans>
	<bean id="collectionInjection"
		class="com.org.training.sample03.beans.CollectionInjection">
		<property name="map">
			<map>
				<entry key="value01">
					<value>Value 01</value>
				</entry>
				<entry key="value02">
					<value>Value 02</value>
				</entry>
			</map>
		</property>

		<property name="pros">
			<props>
				<prop key="firstName">Nguyen</prop>
				<prop key="secondName">Dung</prop>
			</props>
		</property>

		<property name="set">
			<set>
				<value>Set Value 01</value>
				<value>Set Value 02</value>
			</set>
		</property>
		<property name="list">
			<list>
				<value>List Value 01</value>
				<value>List Value 02</value>			
			</list>
		</property>

	</bean>
</beans>
