<?xml version="1.0" encoding="UTF-8"?>
<!DOCTYPE struts-config PUBLIC 
"-//Apache Software Foundation//DTD Struts Configuration 1.2//EN" 
"http://struts.apache.org/dtds/struts-config_1_2.dtd">

<struts-config>
    <data-sources />
    <form-beans>
           <form-bean name="loginForm" type="com.org.training.form.LoginForm"/>
           <form-bean name="nullForm" type="com.org.training.form.NullForm"/>           
           
    </form-beans>
    <global-exceptions />
    <global-forwards />
    <action-mappings>
        <action path="/login" 
                name="loginForm" 
                scope="request" 
                input="/login.jsp"
                validate="true"
                type="com.org.training.action.LoginAction">
            <forward name="success" path="/jsp/menu.jsp"></forward>
        </action>

        <action path="/sampleDispatchAction"
                parameter="do"
                type="com.org.training.action.SampleDispatchAction">
            <forward name="addSuccess" path="/jsp/addSuccess.jsp"></forward>
            <forward name="updateSuccess" path="/jsp/updateSuccess.jsp"></forward>        
        </action>
        
        <action path="/sampleLookupDispatchAction" 
                name="loginForm"
                parameter="do" 
                type="com.org.training.action.SampleLookupDispatchAction"> 
            <forward name="addSuccess" path="/jsp/addSuccess.jsp"></forward>
            <forward name="updateSuccess" path="/jsp/updateSuccess.jsp"></forward>                
        </action>
        
        <action path="/home"
                type="org.apache.struts.actions.ForwardAction"
                parameter="/login.jsp"> 
        </action>
                
    </action-mappings>
    <message-resources parameter="com.org.training.resource.ApplicationResources"/>
</struts-config>

