<?xml version="1.0" encoding="UTF-8"?>
<!DOCTYPE struts-config PUBLIC "-//Apache Software Foundation//DTD Struts Configuration 1.2//EN" "http://struts.apache.org/dtds/struts-config_1_2.dtd">

<struts-config>
  <data-sources />
  <form-beans>
  	<form-bean name="loginForm" type="com.org.training.form.LoginForm"/>
  	<form-bean name="bookForm"  type="com.org.training.form.BookForm"/>
  </form-beans>
  <global-exceptions>
    <exception key="500" type="java.lang.Exception" path="/jsp/fail.jsp"></exception>
  
  </global-exceptions>
  <global-forwards>
  		<forward name="error" path="/jsp/fail.jsp"/>
  </global-forwards>
  <action-mappings>
    <action path="/welcome" forward="/login.jsp"/>
  
  	<action path="/login"
  			name="loginForm"
  			input="/login.jsp"
  			type="com.org.training.action.LoginAction"
  			scope="session"
  			validate="true">
  		<forward name="success" path="/jsp/menu.jsp"></forward>
  		<forward name="fail" path="/jsp/fail.jsp"></forward>
  	</action>
  	
  	<action path="/showListBook" 
  			name="bookForm"
  			type="com.org.training.action.ListBookAction"
  			scope="request">
  		<forward name="showListBook" path="/jsp/listBook.jsp"/>
  	</action>
  	<action path="/updateBook"
  			name="bookForm"
  			type="com.org.training.action.UpdateBookAction"
  			parameter="do"
  			input="/jsp/insertBook.jsp"
            scope="request"
  			validate="true">
  		<forward name="success" path="/jsp/listBook.jsp"/>
        <forward name="showInsert" path="/jsp/insertBook.jsp"/>
  	</action>
  
  </action-mappings>
  <message-resources parameter="com.yourcompany.struts.ApplicationResources" />
</struts-config>

