<?xml version="1.0" encoding="UTF-8"?>
<!DOCTYPE beans PUBLIC "-//SPRING//DTD BEAN//EN" "http://www.springframework.org/dtd/spring-beans.dtd">

<beans>
	<bean id="helper" class="com.org.training.beans.MyHelper" singleton="false" />
	<bean id="abstractLookupBean" class="com.org.training.beans.AbstractLookupDemoBean">
		<lookup-method name="getMyHelper" bean="helper" />
	</bean>
	<bean id="standardLookupBean" class="com.org.training.beans.StandardLookupDemoBean">
		<property name="myHelper">
			<ref local="helper" />
		</property>
	</bean>


</beans>
