<?xml version="1.0" encoding="UTF-8"?>
<!DOCTYPE beans SYSTEM "spring-beans.dtd" >

<beans>
	<bean id="target" class="com.org.training.sample05.beans.MyBean"/>

	<bean id="advice" class="com.org.training.sample05.advices.SimpleAroundAdvice"/>

	<bean id="advisor" class="org.springframework.aop.support.DefaultPointcutAdvisor">
		<property name="advice">
			<ref bean="advice"/>
		</property>
		<property name="pointcut">
			<bean class="org.springframework.aop.support.JdkRegexpMethodPointcut">
				<property name="pattern">
					<value>.*testA.*</value>
				</property>
			</bean>
		</property>
	</bean>

	<bean id="myBean" class="org.springframework.aop.framework.ProxyFactoryBean">
		<property name="target">
			<ref bean="target"/>
		</property>
		<property name="interceptorNames">
			<list>
				<value>advisor</value>
			</list>
		</property>
	</bean>
</beans>
