<?xml version="1.0" encoding="UTF-8"?>
<!DOCTYPE beans PUBLIC "-//SPRING//DTD BEAN//EN" "http://www.springframework.org/dtd/spring-beans.dtd">

<beans>
	<bean id="methodReplacer" class="com.org.training.beans.FormatMessageReplacer" />
	<bean id="replacementTarget" class="com.org.training.beans.ReplacementTarget">
		<replaced-method name="formatMessage" replacer="methodReplacer">
			<arg-type>String</arg-type>
		</replaced-method>
	</bean>
	<bean id="standardTarget" class="com.org.training.beans.ReplacementTarget" />


</beans>
